{
  "function": "bin.ensemble.main",
  "commit": "79ab9279079a7703db41aefa005d8a0aad7520bf",
  "gpus": [
    "NVIDIA A100-SXM4-80GB"
  ],
  "config": {
    "ensemble_size": 5
  },
  "reports": [
    {
      "single-model-info": {
        "function": "bin.cgasb.main",
        "config": {
          "data": {
            "path": "data/hm-categories"
          }
        }
      },
      "seeds": [
        0,
        1,
        2,
        3,
        4
      ],
      "prediction_type": "probs",
      "metrics": {
        "train": {
          "0.0": {
            "precision": 0.8140589569160998,
            "recall": 0.9782016348773842,
            "f1-score": 0.8886138613861386,
            "support": 367.0
          },
          "1.0": {
            "precision": 0.9598930481283422,
            "recall": 0.9158163265306123,
            "f1-score": 0.9373368146214099,
            "support": 392.0
          },
          "2.0": {
            "precision": 0.9565217391304348,
            "recall": 0.8461538461538461,
            "f1-score": 0.8979591836734694,
            "support": 52.0
          },
          "3.0": {
            "precision": 0.9349112426035503,
            "recall": 0.9546827794561934,
            "f1-score": 0.9446935724962631,
            "support": 331.0
          },
          "4.0": {
            "precision": 0.7857142857142857,
            "recall": 1.0,
            "f1-score": 0.88,
            "support": 11.0
          },
          "5.0": {
            "precision": 0.9658119658119658,
            "recall": 0.9685714285714285,
            "f1-score": 0.9671897289586305,
            "support": 350.0
          },
          "6.0": {
            "precision": 0.8953367875647669,
            "recall": 0.9536423841059603,
            "f1-score": 0.9235702832709781,
            "support": 906.0
          },
          "7.0": {
            "precision": 0.9905660377358491,
            "recall": 0.8923512747875354,
            "f1-score": 0.9388971684053651,
            "support": 353.0
          },
          "8.0": {
            "precision": 0.9915966386554622,
            "recall": 0.8489208633093526,
            "f1-score": 0.9147286821705426,
            "support": 139.0
          },
          "9.0": {
            "precision": 1.0,
            "recall": 0.8214285714285714,
            "f1-score": 0.9019607843137255,
            "support": 56.0
          },
          "10.0": {
            "precision": 0.9866666666666667,
            "recall": 0.9673202614379085,
            "f1-score": 0.976897689768977,
            "support": 153.0
          },
          "11.0": {
            "precision": 0.9270833333333334,
            "recall": 0.978021978021978,
            "f1-score": 0.9518716577540107,
            "support": 91.0
          },
          "12.0": {
            "precision": 0.9886363636363636,
            "recall": 0.90625,
            "f1-score": 0.9456521739130435,
            "support": 96.0
          },
          "13.0": {
            "precision": 1.0,
            "recall": 0.9397590361445783,
            "f1-score": 0.968944099378882,
            "support": 83.0
          },
          "14.0": {
            "precision": 1.0,
            "recall": 0.8285714285714286,
            "f1-score": 0.90625,
            "support": 35.0
          },
          "15.0": {
            "precision": 1.0,
            "recall": 0.9777777777777777,
            "f1-score": 0.9887640449438202,
            "support": 180.0
          },
          "16.0": {
            "precision": 0.9339080459770115,
            "recall": 0.9393063583815029,
            "f1-score": 0.9365994236311239,
            "support": 346.0
          },
          "17.0": {
            "precision": 0.9430379746835443,
            "recall": 0.9254658385093167,
            "f1-score": 0.9341692789968652,
            "support": 161.0
          },
          "18.0": {
            "precision": 0.995,
            "recall": 0.9590361445783132,
            "f1-score": 0.9766871165644172,
            "support": 415.0
          },
          "19.0": {
            "precision": 0.9454545454545454,
            "recall": 0.8125,
            "f1-score": 0.8739495798319328,
            "support": 128.0
          },
          "20.0": {
            "precision": 1.0,
            "recall": 1.0,
            "f1-score": 1.0,
            "support": 11.0
          },
          "accuracy": 0.9375,
          "macro avg": {
            "precision": 0.9530570300958201,
            "recall": 0.9244656158401755,
            "f1-score": 0.935939768765695,
            "support": 4656.0
          },
          "weighted avg": {
            "precision": 0.9415215928883949,
            "recall": 0.9375,
            "f1-score": 0.9378492074718264,
            "support": 4656.0
          },
          "cross-entropy": 0.235464622773107,
          "score": 0.9375
        },
        "val": {
          "0.0": {
            "precision": 0.7171492204899778,
            "recall": 0.875,
            "f1-score": 0.7882496940024479,
            "support": 368.0
          },
          "1.0": {
            "precision": 0.6871794871794872,
            "recall": 0.6836734693877551,
            "f1-score": 0.6854219948849105,
            "support": 392.0
          },
          "2.0": {
            "precision": 0.6585365853658537,
            "recall": 0.5094339622641509,
            "f1-score": 0.574468085106383,
            "support": 53.0
          },
          "3.0": {
            "precision": 0.7090395480225988,
            "recall": 0.7606060606060606,
            "f1-score": 0.7339181286549707,
            "support": 330.0
          },
          "4.0": {
            "precision": 0.3,
            "recall": 0.25,
            "f1-score": 0.2727272727272727,
            "support": 12.0
          },
          "5.0": {
            "precision": 0.7569832402234636,
            "recall": 0.7765042979942693,
            "f1-score": 0.7666195190947667,
            "support": 349.0
          },
          "6.0": {
            "precision": 0.6715542521994134,
            "recall": 0.7582781456953642,
            "f1-score": 0.7122861586314152,
            "support": 906.0
          },
          "7.0": {
            "precision": 0.8333333333333334,
            "recall": 0.6497175141242938,
            "f1-score": 0.7301587301587301,
            "support": 354.0
          },
          "8.0": {
            "precision": 0.7217391304347827,
            "recall": 0.6014492753623188,
            "f1-score": 0.6561264822134387,
            "support": 138.0
          },
          "9.0": {
            "precision": 0.6779661016949152,
            "recall": 0.7017543859649122,
            "f1-score": 0.6896551724137931,
            "support": 57.0
          },
          "10.0": {
            "precision": 0.8382352941176471,
            "recall": 0.75,
            "f1-score": 0.7916666666666666,
            "support": 152.0
          },
          "11.0": {
            "precision": 0.660377358490566,
            "recall": 0.7777777777777778,
            "f1-score": 0.7142857142857143,
            "support": 90.0
          },
          "12.0": {
            "precision": 0.67,
            "recall": 0.6907216494845361,
            "f1-score": 0.6802030456852792,
            "support": 97.0
          },
          "13.0": {
            "precision": 0.9253731343283582,
            "recall": 0.7560975609756098,
            "f1-score": 0.8322147651006712,
            "support": 82.0
          },
          "14.0": {
            "precision": 0.5,
            "recall": 0.08571428571428572,
            "f1-score": 0.14634146341463414,
            "support": 35.0
          },
          "15.0": {
            "precision": 0.9542857142857143,
            "recall": 0.9226519337016574,
            "f1-score": 0.9382022471910112,
            "support": 181.0
          },
          "16.0": {
            "precision": 0.6677215189873418,
            "recall": 0.6098265895953757,