{
  "function": "bin.ensemble.main",
  "commit": "79ab9279079a7703db41aefa005d8a0aad7520bf",
  "gpus": [
    "NVIDIA A100-SXM4-80GB"
  ],
  "config": {
    "ensemble_size": 5
  },
  "reports": [
    {
      "single-model-info": {
        "function": "bin.cgasb.main",
        "config": {
          "data": {
            "path": "data/twitch-views"
          }
        }
      },
      "seeds": [
        0,
        1,
        2,
        3,
        4
      ],
      "prediction_type": "labels",
      "metrics": {
        "train": {
          "rmse": 1.199329482939814,
          "mae": 0.9246209263801575,
          "r2": 0.8274186849594116,
          "score": 0.8274186849594116
        },
        "val": {
          "rmse": 1.4588064062201185,
          "mae": 1.1089199781417847,
          "r2": 0.7474368810653687,
          "score": 0.7474368810653687
        },
        "test": {
          "rmse": 1.4551631621019765,
          "mae": 1.1055998802185059,
          "r2": 0.7495152950286865,
          "score": 0.7495152950286865
        }
      }
    }
  ],
  "time": 0.020278533920645714
}
